ActivityID,ActivityType,Subject,OpportunityName,Owner,DateLogged,FollowUpDate
80ba81fa-e986-4a03-961b-ed8a5ddee18a,Demo,Total leadingedge capacity,"Williams, Miller and Hines",Dana West,2025-04-11,2025-05-27
7331768f-8a9a-4341-809f-147c365cb6af,Call,Right-sized neutral pricing structure,"Garcia, Miller and Jimenez",Anthony Patton DDS,2025-03-15,2025-05-27
47657e0a-6e3e-4728-87ff-e8820dd1b54c,Email,Visionary asynchronous interface,Castillo-Gamble,Nicholas Smith DDS,2025-04-02,2025-05-25
a85c515e-da81-4861-a574-c6b54dd271c9,Call,Operative mission-critical encryption,"Stuart, Medina and Jackson",Hannah Walker,2025-03-13,2025-05-14
7d42c462-b193-419b-b7ca-a435613236df,Demo,Open-source leadingedge service-desk,Russell-Robinson,Chad Solis,2025-04-10,2025-05-14
4c9bedea-696b-4ae5-b940-7c4f9e654cbd,Email,Seamless 3rdgeneration migration,Jones-Green,Tiffany Gilbert,2025-03-24,2025-05-28
63515922-f6cc-4735-9bca-17d1ec08a3b0,Meeting,Digitized 5thgeneration collaboration,Murray Inc,Kathryn Rollins,2025-04-20,2025-05-18
736bda9c-76b7-46ac-9a4b-909dc96d4bf8,Email,Innovative motivating database,"Graham, Thompson and Watson",Edward Logan,2025-04-22,2025-05-01
98ea8586-6f71-4905-8590-de534f63daa5,Email,Extended 24hour ability,Liu-Martin,Heather Abbott,2025-03-04,2025-05-05
73c66e37-6ce2-4726-ab57-67d3d652f7b5,Meeting,Centralized optimal analyzer,Rivas-Nelson,Holly White,2025-04-14,2025-05-16
8d16dab4-6dea-4da1-bc5f-e9be9511d896,Meeting,Assimilated neutral middleware,Palmer-Baker,Nancy White,2025-03-09,2025-05-27
55a7c42f-0a5f-494f-a89f-d8bb9b62115a,Meeting,Streamlined cohesive projection,"Butler, Meadows and Berger",Jeffrey Goodwin,2025-03-26,2025-05-16
e261c74d-b3e2-4344-9232-348fd5b7eaab,Meeting,Adaptive modular middleware,Phillips LLC,Justin Rodriguez,2025-03-11,2025-05-26
6d889cef-ff61-49d3-86c5-2ba85e84ac10,Demo,Implemented hybrid standardization,"Webster, Williams and Smith",Rachael Velazquez,2025-03-01,2025-05-16
8520373f-97c4-4540-8107-2a899ba3ad98,Meeting,Grass-roots 3rdgeneration hub,"Carpenter, Ortiz and Juarez",Brandi Hahn,2025-04-06,2025-05-26
08180f8e-f2b9-4f7f-96a2-fd5d1345ae64,Call,Programmable zero tolerance Graphical User Interface,Powell-Cross,Michael Barrera,2025-03-11,2025-05-15
767afa0f-4219-4006-94f5-cffb82b20a52,Call,Profit-focused well-modulated hierarchy,Cruz-Smith,John Garcia,2025-03-20,2025-05-27
4c960f4f-7f75-47f7-a5d4-2a422ce6a217,Call,Streamlined 24hour help-desk,"Taylor, Johnson and Williams",Jason Thomas,2025-04-23,2025-05-08
7d50d367-e43f-434c-be91-f3a79379ee2d,Meeting,Re-contextualized intangible hub,Cruz-Rivera,Casey Roth,2025-03-16,2025-05-25
98c57de9-0bda-430b-b1d9-d93033249994,Email,Compatible user-facing protocol,Nichols LLC,Michael Anderson,2025-04-10,2025-05-17
23cc5c51-1ec3-4f1c-ac69-8099e1d522a4,Call,Enhanced uniform process improvement,"Reeves, Newman and Moore",Michael Young,2025-04-11,2025-05-09
a4a9dc4e-6727-4fcf-98ed-fba37775c2d7,Demo,Extended 4thgeneration moratorium,Gonzalez-Green,Jennifer Gill,2025-03-27,2025-05-06
d02aa21b-f770-4a6b-beb5-ef07fc4aad5c,Call,Polarized discrete moratorium,"Cox, Mcdaniel and Zuniga",Susan Gomez,2025-04-24,2025-05-08
e175a378-82e6-4cb3-9e6c-70c4cd095018,Call,Up-sized needs-based hub,Dennis-Simmons,Angela Hernandez,2025-04-10,2025-05-01
2c49467c-4f8f-47d3-87fb-4a61c99e47cb,Email,Expanded human-resource support,"Logan, Becker and Taylor",Nathaniel Martin,2025-03-26,2025-05-23
2791d1e8-54f7-45ff-abe2-6eb40c8a4a3a,Email,Stand-alone cohesive open system,"Davis, Andrews and Salazar",James Walker,2025-03-24,2025-05-24
9c1f2154-443c-4987-aba3-b3f3b476efc1,Meeting,Synchronized well-modulated attitude,Woods LLC,Beth Alvarez,2025-03-28,2025-05-24
ddb49983-3f25-475b-83c6-51edae108257,Demo,Synchronized tangible support,Lee-Cain,Rebecca Johnson,2025-03-17,2025-05-10
11e5b6bf-22fa-4425-b462-d376538b2538,Call,Down-sized foreground projection,"Mcguire, Hatfield and Mayo",Brett Hopkins,2025-03-18,2025-05-21
69208ee6-a468-410e-a12c-4e51276b2216,Call,Cloned incremental product,Alvarez PLC,Daniel Riddle,2025-04-24,2025-05-17
8bc18766-1102-4ddb-9a64-ebd7b8384fd6,Demo,Customizable 6thgeneration framework,"Anderson, Bowman and Floyd",James Simmons,2025-04-02,2025-05-18
2077fff5-f553-412b-bc73-0121013445ef,Call,Persistent 3rdgeneration utilization,Edwards-Shepherd,Katie Smith,2025-03-29,2025-05-23
8f06be3d-cc07-4a31-b8ec-8576ec6bf1f3,Demo,Open-source maximized matrix,Santana Group,Adrienne Larsen,2025-04-07,2025-05-04
0b77b232-a20b-46a4-8207-f25b2ac2790c,Demo,Persevering 3rdgeneration approach,"Lopez, Crawford and Miller",Brian Zuniga,2025-03-09,2025-05-19
a231aed6-1c11-4f24-ba2b-bcd5b22331ba,Meeting,Right-sized multimedia flexibility,"Burke, Hawkins and Frye",Ronald Williams,2025-03-24,2025-05-03
ebdde462-d780-4121-9c0f-5ad063b4248e,Call,Advanced upward-trending hub,Vasquez-Bailey,Brandy Rodriguez,2025-03-10,2025-05-13
0df58015-e79f-4d3d-b4ad-b5b89e610ba1,Demo,Diverse global budgetary management,Page Ltd,Matthew Kelley,2025-03-22,2025-05-08
6c0db0a7-437c-4a46-abc8-6230f41ecfa7,Demo,Virtual cohesive Graphic Interface,Johnson PLC,Timothy Chung,2025-03-21,2025-05-07
ff05e0c6-6587-41e4-9aad-0f604503575e,Demo,Networked needs-based secured line,King-Hughes,Darius Mann,2025-04-02,2025-05-08
be3637f0-54d6-43cb-a064-24ba7c3f5119,Meeting,Adaptive local archive,"Delgado, Hanson and Camacho",Amy Copeland,2025-04-17,2025-05-07
18caa7e7-b503-4593-8b82-9227b3500481,Call,Persistent object-oriented forecast,Davis Inc,Mary Rodriguez,2025-04-13,2025-05-25
12f71b2d-7206-416e-90c5-e4ef98ecdb2d,Meeting,Multi-layered multi-tasking support,Keller-Smith,Ryan Decker,2025-04-28,2025-05-13
a26c3a08-7d31-43cb-95ef-1038fb31d3aa,Email,Cloned non-volatile paradigm,"Carroll, Simpson and James",Daniel Abbott,2025-02-28,2025-05-28
16d1e9a3-b0a1-45c3-a790-dd13c86a7d68,Call,Robust attitude-oriented benchmark,"Garcia, Daniels and Woods",Gregory Smith,2025-04-14,2025-05-01
9ae9ed41-94ba-4699-94b4-6fd19fc7647a,Email,Persevering holistic structure,Rodriguez-Wilkinson,Sara Odom,2025-03-20,2025-05-06
c41cb00a-2a9f-466d-b13b-24483205e277,Email,Sharable cohesive ability,Sims-Nguyen,Charles Jimenez,2025-03-28,2025-05-10
83bfbbda-2b99-4221-aeeb-e03949da5b35,Demo,Adaptive background paradigm,"Woods, Middleton and Lucas",Mr. Patrick Warren MD,2025-03-05,2025-05-08
91b82f04-b079-4eb8-be2e-7e9984208a85,Meeting,Proactive intangible methodology,Walls-Nguyen,Jessica Howard,2025-04-03,2025-05-22
a7405354-9375-42ea-b023-f02d03987c63,Call,Multi-layered dynamic support,"Barrett, Nicholson and Robinson",Andrea Roy,2025-03-13,2025-05-13
fe5beb1e-595e-4d18-9e5e-586ea4ef38ac,Demo,Quality-focused regional neural-net,"Barry, Weber and Brown",Andrea Mayer,2025-04-20,2025-05-13
fe7516ef-ad9a-4883-bba5-768f7391b283,Meeting,Expanded responsive matrix,Lopez-Baker,Jessica Murillo,2025-03-11,2025-05-08
e3147672-a0f2-42cd-9b4f-1e7140b440e2,Meeting,Streamlined systematic orchestration,Allen-Tran,Zachary Cherry,2025-03-31,2025-05-03
fbdf6af8-a4d1-486e-b5e8-04dfe32dfc8a,Email,Cross-platform neutral approach,Walters-Bray,Elizabeth Snyder,2025-03-31,2025-05-10
3010d68c-c0b7-408a-bab1-1ac6f1d67ffc,Meeting,Multi-lateral attitude-oriented function,"Taylor, Hopkins and Pitts",Joy Lucas,2025-04-11,2025-05-19
73fd411b-676c-4d28-8036-350d98b63079,Call,Down-sized global analyzer,Allen PLC,Luis Wilson,2025-03-22,2025-05-10
ba451711-802b-45b7-aec1-ec50f9011a42,Email,Persevering systematic middleware,"Rodriguez, Brooks and Adams",Holly Brown,2025-03-29,2025-05-02
7276ab3c-76b9-4ffb-b1c4-831e8d2c7a02,Demo,Function-based demand-driven system engine,Johnson Group,Kelly Montes,2025-04-23,2025-05-27
59b43510-341d-4117-9255-f6beddca88ab,Meeting,Proactive zero tolerance algorithm,Griffin-Chan,Arthur Smith,2025-04-14,2025-05-17
c94366bb-534b-4f5e-8326-a86cdb8db3a7,Demo,Managed eco-centric instruction set,"Franklin, Poole and Ramirez",Sarah Lane,2025-04-24,2025-05-21
3888ef1a-4a73-4216-a8f0-116a1f297c1f,Meeting,Face-to-face stable function,Rivera and Sons,Pamela Bowers,2025-03-02,2025-05-17
379b32a2-f993-436e-b8f0-a032341c4b7c,Meeting,Down-sized mission-critical methodology,"Johnson, Woodward and Larsen",Richard Saunders,2025-03-15,2025-05-26
c055639d-2c5c-4d37-9ce6-0c47bf88bc70,Meeting,Open-source bifurcated core,"Caldwell, Morris and Moore",Andrew Herring,2025-04-07,2025-05-18
eeeb652c-2831-42c8-8f01-494b056e07bc,Meeting,Total eco-centric structure,Delgado Ltd,Jeffery Hall,2025-03-28,2025-05-11
d9f634f9-644c-4077-9970-a95a219ba107,Email,Re-contextualized upward-trending success,Fritz Ltd,Russell Hanna,2025-03-31,2025-05-05
e60bcee9-612a-427d-9f26-3800ca787a23,Meeting,Focused even-keeled extranet,Carter-Wiggins,Jeffrey Jacobson,2025-03-12,2025-05-20
1026eab8-f7cc-4919-85bd-a7199dd4895d,Demo,Expanded client-driven secured line,"Ortiz, Wilson and May",Jeremiah Delgado,2025-04-14,2025-05-22
123acf78-cede-4a51-8ce5-8afcd1d0c160,Meeting,Managed content-based database,"Gutierrez, Ramirez and Oliver",Shelby Wilcox,2025-04-16,2025-05-06
e41f626c-c62c-4806-9720-37925706d94f,Call,Compatible local interface,"Mcgee, Reynolds and Anderson",Bethany Romero,2025-04-02,2025-05-28
3ad612f7-2540-45c4-beae-5b1c53b52a09,Meeting,Horizontal heuristic time-frame,Cook-Ortiz,Jordan Smith DDS,2025-03-02,2025-05-21
c02d778d-fdb7-4ad9-940a-c5606bf59eb0,Meeting,Expanded fresh-thinking implementation,Contreras PLC,Ronnie Morris,2025-03-24,2025-05-02
1777f4f6-9196-4996-be87-738285c0f18f,Call,Multi-channeled scalable parallelism,Harmon-Hernandez,Scott Carpenter,2025-04-14,2025-04-30
0987ffb4-2636-477f-9914-f96d9ebd8f35,Demo,Ergonomic context-sensitive complexity,Wade-Woodard,Mary Phillips,2025-04-13,2025-05-23
b3587e52-1db0-471a-b63c-d96510b16843,Email,Mandatory systematic customer loyalty,Scott-Alexander,Kristin Garcia,2025-03-14,2025-05-26
8d30202f-d413-42ad-a801-eef5c9f14488,Call,Triple-buffered bi-directional task-force,"Mccullough, Dodson and Taylor",Samuel Mason,2025-04-07,2025-05-15
9a80f05d-663a-464a-b33f-b5f30b3ab9f1,Email,Configurable clear-thinking analyzer,Reese-Roberts,Jennifer Carter,2025-03-30,2025-04-29
d8ebf0bf-c4a4-4da4-b828-92a1bba27e22,Meeting,Optimized multimedia methodology,"Petersen, Buck and Mitchell",Monica Monroe,2025-04-18,2025-05-04
fcb42954-0fc5-4656-aa45-9f8ec0e6419e,Meeting,Upgradable homogeneous customer loyalty,Smith PLC,Seth Wise,2025-04-06,2025-05-04
30d74baa-1a1d-4248-baee-c9b8a22ff6ed,Call,Multi-tiered cohesive moratorium,Russell-Brown,Kelly Phillips,2025-04-27,2025-04-30
7142ee4b-87fa-450c-b93b-ef62d8431fc4,Meeting,Switchable multi-state moderator,Jackson-Harris,Heather Allen,2025-04-22,2025-05-24
265c2364-c0e8-4aa5-9bc8-9c3bd3331653,Meeting,Fully-configurable transitional Graphical User Interface,Campbell Group,Melissa Lyons,2025-04-13,2025-05-24
25803e66-f395-48ec-b487-e67e09f50ece,Email,Proactive global Internet solution,"Smith, Rhodes and Gill",Randy Vance,2025-04-09,2025-05-01
ec4ed461-c021-4f10-8b12-0ce45acfebe6,Meeting,Public-key bottom-line system engine,"Lee, Jordan and Richard",Mark Black,2025-04-25,2025-05-07
0f30f7a3-04ac-4355-ad22-05dcd0876de2,Call,Pre-emptive value-added capacity,"Wallace, Barker and Johnson",Tim Johns,2025-03-21,2025-05-02
efed67ee-ee76-414c-a7f3-684c1628f055,Demo,Robust explicit migration,"Fernandez, Mitchell and Taylor",Kathleen Chavez,2025-03-19,2025-05-13
59ed7f8e-3709-4cec-a9ba-8640620224bf,Email,Object-based didactic framework,"Pratt, Wilson and Griffith",Karen Clark,2025-03-04,2025-05-17
86753b52-ec86-47ae-90f0-034473877878,Meeting,Re-engineered responsive middleware,Payne and Sons,Chad Bradford,2025-03-11,2025-05-04
fc1e155f-b3a9-4ef4-94c9-c689287931e2,Call,Sharable system-worthy matrix,"Espinoza, Ward and Johnson",Melanie Sims,2025-03-06,2025-05-25
1b31f980-ac14-41f6-940e-247c325a4bb3,Call,De-engineered eco-centric methodology,"Johnson, Williamson and Lee",Jeremy Romero,2025-04-14,2025-05-16
cc79fe3c-9ce8-45f7-8919-d26f52cba4e0,Call,Robust actuating intranet,Bradley-Lewis,Robert Mitchell,2025-04-14,2025-05-25
00ac7f92-2dc5-440f-9050-a7ffd2ec900d,Email,Cloned attitude-oriented time-frame,Clark-Lee,Larry Landry,2025-03-16,2025-05-01
7ed7bd86-555e-4b13-a9d5-a5304c9ecc5a,Call,Decentralized well-modulated complexity,"Neal, Miller and Lewis",Gregory Sanders,2025-03-18,2025-05-15
117bf8e7-7faa-4a1d-b3df-71301d53a7d8,Meeting,Assimilated asynchronous algorithm,Barton Ltd,Tammie Frey,2025-03-30,2025-05-26
12e8ae8e-5c18-4ab8-9379-0d19da4de09c,Call,Synchronized logistical archive,"Hall, Gonzalez and Hill",Stacy Evans,2025-04-16,2025-05-24
1c02c1a3-750f-49d6-9230-053e443abc67,Demo,Upgradable needs-based secured line,Rodriguez Group,Colin Fields,2025-04-22,2025-05-08
af499e86-e0f5-4180-af60-8a51c2ab2976,Email,Streamlined reciprocal core,Webb Group,Carla Bauer,2025-03-30,2025-05-23
14fc70d2-42d6-4f29-9e0a-faa20a020da5,Call,Assimilated responsive core,James LLC,Michelle Smith,2025-04-12,2025-05-11
db8e9b16-7fa3-4fa7-b995-d92103b74379,Call,Triple-buffered 3rdgeneration throughput,Peterson LLC,Shannon Mills,2025-03-18,2025-05-07
0c0cd0dc-821f-4057-8562-e8a10cbc0981,Meeting,Horizontal value-added database,"Hale, Tate and Webb",Joseph Bowen,2025-04-21,2025-05-15
f7af1f68-8b21-418f-929c-b9deda54a3fb,Meeting,Streamlined tangible definition,"Jones, Mack and Sanders",Dawn Adams DVM,2025-03-16,2025-05-14
2eab86ba-bb21-4c01-849a-c5f026dc1911,Demo,Synergized demand-driven flexibility,Merritt PLC,Richard Lopez,2025-03-26,2025-04-29
3aab490d-12a4-4a3b-9e88-ed565736dd68,Call,Seamless actuating process improvement,Hurst Ltd,Fernando Harris,2025-03-04,2025-05-03
a817c1cf-abb5-4589-ac0f-b1c6f566ee28,Demo,Operative solution-oriented help-desk,Fleming-Nelson,Dennis Hoffman,2025-04-07,2025-05-01
0375a87d-e7c6-4915-9e6c-e26330ba4d73,Email,Profit-focused bottom-line conglomeration,"Reese, Green and Davis",John Tucker,2025-03-25,2025-05-23
9e29bff4-ed89-4ec4-ad92-06e92e257ed9,Demo,Grass-roots context-sensitive success,"Hunter, Robles and Jones",Erica Ramsey,2025-04-02,2025-05-08
2d32bd9b-2fb4-41d9-9f10-044b276f303e,Meeting,Down-sized optimal pricing structure,"Williams, Lewis and Ward",William Pierce,2025-03-24,2025-05-20
b2372bbe-9b33-47ae-b9fe-89d973b2a9e7,Demo,Managed dynamic complexity,White-Bennett,Sheila Greer,2025-03-14,2025-05-04
03b54d23-6435-4368-a431-29dfdbee0bdd,Email,Switchable interactive hub,Hester Inc,Larry Foster,2025-03-26,2025-05-22
67987b98-0ecb-4a4f-84d2-0548ce9e647d,Meeting,Assimilated asymmetric ability,"Robbins, Brown and Miller",Tyler Brown,2025-03-30,2025-05-27
2dcbdf95-c65a-4a36-92ca-1bdfcfa75b7a,Email,Integrated disintermediate superstructure,"Castillo, Floyd and Hansen",Daniel Dawson,2025-03-11,2025-05-11
38f9c058-4948-43a5-98fa-210accdc25fc,Meeting,Reverse-engineered empowering collaboration,Blevins-Bryant,Luke Hartman,2025-03-02,2025-05-19
1edfa654-4854-4e97-9858-96219506eaed,Meeting,Proactive zero tolerance Local Area Network,Rodriguez-Miller,Patricia Perkins,2025-04-03,2025-05-03
5b184c1c-722f-4c81-8c21-4e0831ef68d5,Demo,Face-to-face tertiary hub,"Lopez, Marquez and Newman",Aaron Montgomery,2025-03-03,2025-05-18
3c3edb88-5979-4391-9127-12490c96fcb7,Call,Multi-lateral heuristic emulation,Gay-Weeks,Melissa Cunningham,2025-03-30,2025-05-05
83bec60a-cc80-49ee-8060-ac75976ba890,Meeting,Implemented non-volatile circuit,Li Ltd,Patricia Brown,2025-04-13,2025-05-15
413f4df6-eea7-4cda-b338-3113f606d246,Demo,User-friendly content-based toolset,Johnson-Stephenson,Ann Young,2025-03-02,2025-05-14
25ce6dbd-2c83-432f-ac07-ad8bbe681ff9,Email,Devolved well-modulated superstructure,Strickland PLC,Christopher Hunt,2025-04-01,2025-05-28
47691f32-5255-495b-9fe4-456140d0c3ff,Demo,Programmable holistic matrices,"Cannon, Hill and Mcgee",Crystal Williams,2025-03-26,2025-04-30
339a0cc9-2ffe-42bc-a6c8-ba08165b4d7b,Email,Seamless well-modulated forecast,"Pham, Johnson and Watson",Rebecca Hill,2025-04-16,2025-05-19
70fcd9fa-24cc-4bcb-91be-050d76bdd194,Call,Programmable leadingedge product,"Martinez, Cook and Roman",James Tate,2025-04-05,2025-05-21
5d14655d-c4e0-4754-b2cf-de9ed0316c8a,Meeting,Future-proofed multimedia support,"Brown, Anderson and Obrien",David Anderson,2025-03-28,2025-05-24
7d39f0b4-7926-4a1e-8cc5-ea759a852a81,Demo,Digitized directional throughput,"Anderson, Love and Smith",Michael Hughes,2025-03-29,2025-05-04
9ef60863-415e-4b00-8c7c-a9b15414602b,Demo,Devolved analyzing middleware,"Lee, Murphy and Davis",Michelle Armstrong,2025-03-18,2025-05-01
d68429ad-8167-4bdc-aa9c-ef99afa69004,Demo,Intuitive logistical structure,"Miller, Charles and Kelly",Erika Brown,2025-04-26,2025-05-24
b122628d-f57a-4764-9deb-a1f87376f733,Call,User-centric next generation Internet solution,Benson PLC,Brittany Brewer,2025-03-10,2025-05-24
bfb056a2-c62b-4150-8a0e-9eff5d3ec339,Meeting,Enterprise-wide reciprocal collaboration,Guzman and Sons,Ronald Hahn,2025-03-07,2025-05-09
57b7f730-4410-4a3f-a428-d5043018106c,Meeting,Open-source interactive system engine,Higgins-Robles,Melissa Jackson,2025-03-12,2025-05-08
64f5e3ec-4865-4ed5-99eb-4cf3d37698e8,Email,Synchronized demand-driven database,"Foley, Vaughn and Bailey",Brad Ellis,2025-03-29,2025-05-23
4f3fa85e-9e9c-43ed-91dd-58ec58c55150,Demo,Organic object-oriented hub,Freeman-Hill,David Hall,2025-03-29,2025-05-17
3eb9061d-f9cc-4618-bf4e-c74de882a47d,Call,Implemented homogeneous secured line,Bennett Inc,Samantha Santiago,2025-03-03,2025-05-26
8188a8d7-bc74-4f05-bd5f-5ba7feedc1d9,Meeting,Total grid-enabled project,Barr Ltd,Barry Case,2025-04-03,2025-05-05
90fab7a2-ceeb-420a-8db8-0d8f0b8142b3,Meeting,Front-line global throughput,Buchanan-Campbell,Kaitlyn Allen,2025-04-27,2025-05-04
19539b68-08fb-4961-bad5-ba5b0e44f36b,Call,Fully-configurable zero-defect Local Area Network,Robbins-Duarte,George Johnson,2025-03-10,2025-05-11
751f51a3-ffe3-4783-a34d-d0b58a83ec85,Call,User-friendly well-modulated intranet,"Hoover, Scott and Leonard",Carla Zamora,2025-04-08,2025-05-14
a233bc92-e555-4c13-abeb-48a14bbfc231,Email,Cloned heuristic orchestration,"Robertson, Patel and Jackson",Mary Norris,2025-04-05,2025-05-21
8fa61758-5dd1-43c2-9a0e-d5c696edf5e2,Meeting,Versatile explicit definition,Harris-Richardson,Evelyn Walter,2025-04-21,2025-05-14
67ae2341-e959-4ef5-a08d-a97ae2fbe53a,Email,Front-line actuating capability,Barnes-Wheeler,Connor Adkins,2025-03-19,2025-05-17
c6c7239e-8ea1-46fa-aa27-f11e91c6edd3,Meeting,Function-based full-range strategy,Williams Group,Ana Welch,2025-04-27,2025-05-07
bb88aa84-d84a-4982-be8e-ddf6929bdacd,Meeting,Progressive mission-critical capability,Romero-Miller,Jorge White,2025-04-14,2025-05-04
2b74895e-5020-40e8-8a65-2a7c78650c43,Demo,Multi-channeled solution-oriented toolset,"Norris, Wood and Welch",Robin Wiggins,2025-03-18,2025-05-12
486a37b2-3fa6-43c8-adff-ab9e5bb32836,Demo,Cloned local utilization,Hall and Sons,Bradley Peterson,2025-03-14,2025-05-14
9ad05ca8-d306-41f7-b198-a9e4fdb0dfa3,Demo,Polarized reciprocal array,Martinez-Williams,Raymond Estes,2025-04-03,2025-05-21
679f8adf-66ed-4e1c-a446-02ca296e2480,Meeting,Organized fault-tolerant complexity,Conway Inc,Mark Andrews,2025-03-02,2025-05-12
6ee93ca0-fac2-41cb-94c2-85e8dbd54bc1,Call,Mandatory bottom-line throughput,Hoffman PLC,Jennifer Keith,2025-03-23,2025-05-06
1da3d8ee-a32d-476a-9456-aee85bdef878,Meeting,Optional actuating data-warehouse,Brown Ltd,Sara Owens,2025-04-01,2025-05-16
090c8793-8bbb-4426-b25d-9192cc0a5dea,Demo,Multi-channeled tangible hierarchy,Walters-Stanley,Jared Richard,2025-03-13,2025-05-13
ed0b9dce-3d50-48f9-99fb-352b5f614b17,Email,Ergonomic incremental interface,"Taylor, Henry and Dickson",Sean Williams Jr.,2025-04-05,2025-05-26
43daa79c-1a1c-4d08-a12a-4099308342dc,Demo,User-centric fresh-thinking toolset,"Ramirez, Miller and Santos",Curtis Ross,2025-04-03,2025-05-01
95c10ac5-64d3-446a-9a1e-6ce26d840377,Meeting,Integrated disintermediate system engine,Woods-Garcia,Alicia Barry,2025-04-26,2025-05-18
2e6ae8b0-24f4-41ed-9678-166e408c26ed,Email,Expanded systemic contingency,Gay and Sons,John Alvarez,2025-04-23,2025-05-12
524515f4-a491-423d-811c-72ced1be5878,Meeting,Open-source human-resource system engine,Yang Ltd,Denise Sanchez,2025-04-08,2025-05-03
b8c80cf4-086d-46e4-829f-e521049126c2,Demo,Programmable 5thgeneration complexity,Mclaughlin-Hart,Christina Sharp,2025-03-14,2025-04-30
4ed9d05d-12d6-46a9-ac92-6ec4952b6b01,Meeting,Optimized homogeneous methodology,"Wright, Hernandez and Ruiz",Nathan Tate,2025-03-28,2025-05-20
c1f86255-e0d1-4acf-a776-05c6b8c2f0a5,Email,Front-line secondary circuit,Brock-Patel,Maria Hoffman,2025-03-14,2025-05-16
ea9183a5-4257-4c8c-a491-abc5f63fa078,Email,Self-enabling zero administration Local Area Network,Blake-Jennings,Brian Henderson,2025-04-11,2025-05-07
6e60109e-3110-42c9-a563-0ea5d5fe6fc8,Call,Triple-buffered bifurcated neural-net,"Hill, Higgins and Hull",Jason Beard,2025-03-15,2025-05-09
02c65215-8cf7-4ef6-8bbe-5412168ee840,Email,De-engineered well-modulated budgetary management,Gonzales-Reynolds,Karen Coleman,2025-03-10,2025-05-21
ee924ddd-afc6-49fd-9808-8eeddf4e6356,Meeting,Reduced 6thgeneration complexity,"Rodriguez, Moore and Miller",David Cooper,2025-04-01,2025-05-07
e285a546-1745-44f8-8dee-7db83f32e71f,Meeting,Business-focused responsive infrastructure,Manning Ltd,Mr. Jacob Andrews,2025-04-12,2025-05-17
6b154a1f-878d-4e1c-8575-e52276f7f8dd,Email,Team-oriented contextually-based synergy,Singleton-Harrison,Michael Daniels,2025-04-06,2025-05-19
0640a126-19fe-4538-99c5-0a3c62f8d871,Demo,Up-sized eco-centric budgetary management,"Palmer, Shelton and Booker",Jason King,2025-03-06,2025-05-25
ce97a101-10f1-4e52-b30f-6ccd6c4a8dba,Demo,Decentralized systematic strategy,"Walton, Lane and Diaz",Edward Lloyd,2025-03-08,2025-04-30
23493934-9687-418e-9641-42f0eb1a3841,Meeting,Business-focused asynchronous analyzer,Walter LLC,Hayley Townsend,2025-03-21,2025-05-16
b5831c30-c9f8-4e55-ad99-493063ace9d8,Meeting,Universal high-level application,White Group,Kelly Anderson,2025-03-11,2025-05-09
cf577b67-ab99-462d-9f9d-1592d1736fc5,Call,Enhanced regional product,Estrada-West,Eric Munoz,2025-03-17,2025-05-01
a24a3a25-3468-426e-b01f-a337b700a7d0,Call,Balanced exuding neural-net,Leblanc Group,Tyler Woods,2025-03-11,2025-05-08
fae7f10c-d702-4c1d-a264-8fc787fdf66a,Call,Compatible bifurcated intranet,Cannon-Gregory,Emma Howard,2025-04-02,2025-05-21
fd6b6559-6649-422d-9681-c66cdd2bc53e,Demo,Public-key composite analyzer,Walker Group,Marc Cruz,2025-03-21,2025-05-04
8e19c315-39aa-4afd-9d6a-79a74fc72913,Demo,User-centric methodical contingency,Miller Ltd,Scott Murphy,2025-04-27,2025-05-07
58e35ece-a017-4297-ba92-914a39678c8b,Email,Future-proofed leadingedge firmware,Brewer-Sheppard,Jennifer Hodges,2025-03-27,2025-05-18
4d0727ff-42c7-4cdf-af19-e2a7b540ce0a,Call,Robust client-server productivity,Prince-Miller,Dorothy Ballard,2025-03-29,2025-05-18
bc9a7d2a-648b-4fa0-9727-1edfaf69f2ee,Email,Adaptive tangible focus group,Sloan-Walters,Sophia Moore,2025-04-24,2025-05-05
ec8fb18e-48c2-4767-ab4e-3618d3cf63d3,Email,Synergized asynchronous architecture,"Scott, Lee and Hernandez",Joseph Perez,2025-04-25,2025-05-16
3d32fff1-736a-47ef-90f4-8f03b782b0ae,Meeting,Right-sized asynchronous alliance,Patton-Johnson,Emily Coleman,2025-04-12,2025-05-11
be9e3a0c-0ecc-46c7-96fa-1f9ad0f6145f,Call,Robust eco-centric system engine,Pacheco-Chavez,Lindsey Johnson,2025-03-19,2025-05-07
83ddb3e3-5ecc-4e44-9cca-53364463468c,Call,User-friendly secondary attitude,"Bates, Castro and Douglas",Anthony Ray,2025-04-26,2025-05-10
aee9803e-3405-4593-926d-ee4e37e95ef6,Call,Intuitive incremental hardware,"Mayer, Bernard and Rodriguez",Megan Davis,2025-04-19,2025-05-12
560cb568-fe92-4834-b6d2-071d9a0bd754,Email,Adaptive regional productivity,"Williams, Howe and Thomas",Tamara Green,2025-04-14,2025-05-02
bf44e6f0-f9fd-4a86-bd0f-8bb7f4045601,Meeting,Grass-roots upward-trending secured line,Koch-Bailey,Anna White,2025-03-20,2025-05-02
98656d54-8608-417d-b156-ea76e449abdb,Meeting,Persistent well-modulated info-mediaries,Richard Ltd,Jerry Alexander,2025-03-07,2025-05-18
302b2b31-220f-4d81-9e4c-2640226ed79d,Meeting,Stand-alone analyzing circuit,Jones and Sons,Alexander Sims,2025-03-20,2025-05-02
72d341de-da05-4147-9442-d8a99ff1c5fb,Demo,Robust scalable website,Taylor-Butler,Patrick Chavez,2025-04-22,2025-05-01
b5cb681d-80ff-406d-96a5-6e07798d5cb3,Meeting,Realigned systematic focus group,"Sloan, Owens and Roach",Pamela Wilson,2025-03-27,2025-05-21
65d424af-7285-48bf-b5e9-40655e95fce3,Meeting,Balanced fresh-thinking artificial intelligence,"West, Newman and Parsons",Hailey Patterson,2025-04-22,2025-05-08
0809c31c-f6c1-4f02-9309-c59469942dee,Meeting,Up-sized responsive task-force,Campbell PLC,Kent Clark,2025-03-14,2025-04-30
24159cdf-1c08-45f3-936c-6d6322813947,Call,Quality-focused neutral website,Gill and Sons,Gary Davenport,2025-04-05,2025-05-07
e85e5f0d-e9be-40e8-bd6e-357b691fc0fb,Demo,Extended system-worthy focus group,Baker-Tapia,Samantha Brown,2025-04-11,2025-05-19
0b7e5c26-8a86-4987-af76-7a1a5a8caf42,Demo,Advanced next generation portal,"Delgado, Ward and Horton",Christopher Nguyen,2025-04-03,2025-05-07
6228c40c-7d49-4a95-be17-1306063b0a82,Meeting,Managed object-oriented initiative,Hall Group,Julia Hicks,2025-03-13,2025-05-17
36818054-4a38-4326-b227-d13500169fb7,Meeting,Inverse eco-centric initiative,Vargas Group,Amber Richard,2025-03-13,2025-05-22
cb195161-45a5-4de0-9337-59afcf3c1645,Demo,Down-sized uniform process improvement,Stewart-Allen,Belinda Johnston,2025-02-28,2025-05-20
ae220e28-772f-4382-831a-4ff2c1b3c68b,Email,Face-to-face holistic flexibility,Barnett-Mata,Anita Harmon,2025-04-22,2025-05-17
0afe9fe8-08cf-45a8-bc5e-46406a2b15a4,Email,Advanced upward-trending protocol,Bowers PLC,Elaine Love,2025-03-28,2025-05-27
65e312b6-b269-4917-8d3f-7bddcc958625,Call,Reduced 5thgeneration instruction set,"Dunn, Johnson and Fox",Joshua Robinson,2025-03-25,2025-05-24
e4b4d341-7658-41ae-aa6f-d0aa4958db4f,Call,Fundamental explicit framework,Walker-Hayes,Tina Guerra,2025-04-09,2025-05-16
30f312ac-35df-4415-b7a5-0a237b188875,Demo,Organized system-worthy access,Thomas-Brown,Shane Silva,2025-04-27,2025-05-24
aa1bbc49-c656-4ebf-93af-b51808176692,Email,Expanded optimizing intranet,"Evans, Ray and Lawson",Linda Collins,2025-04-12,2025-04-30
9afeb9cc-acc2-4072-a88c-cfc1967ae7c8,Meeting,Front-line methodical paradigm,Stanley-Lloyd,Andrew Jackson,2025-03-21,2025-05-12
44ceebd2-09af-49db-8797-27efb8535ae2,Meeting,Public-key analyzing product,Gray-Mason,Rose Sandoval,2025-03-16,2025-05-05
875882bb-8fa7-433c-9ccc-f4b1078305aa,Call,Polarized clear-thinking moratorium,Pacheco Group,Dominique Allen,2025-03-02,2025-05-28
3065b917-547e-43d3-a769-4e9f10698516,Meeting,Vision-oriented heuristic software,"Smith, Serrano and Hicks",Bruce Green,2025-04-07,2025-05-19
01d7110c-743e-4180-9dfe-1daf34e4bd4b,Demo,Right-sized multi-tasking website,Harris-Kelley,Cheryl Doyle,2025-03-15,2025-05-20
23b61b8a-6b03-4dc2-876c-5e07ccd69c46,Call,Multi-channeled scalable focus group,Garrison-Horn,Alison Walsh,2025-04-17,2025-05-08
b682caa7-fc86-45cf-a66a-1a2685deeda7,Email,Re-engineered radical neural-net,Page-Doyle,Lisa Ramos,2025-04-25,2025-05-11
2bc5b8ed-3e6d-4efa-8b36-89a0b8bff28f,Meeting,Compatible eco-centric website,Brown Group,Kim Maynard,2025-04-23,2025-05-27
97f86490-3e69-49f7-aa2a-847a7ae58a89,Demo,Profound reciprocal leverage,"Davis, Morris and Malone",Jennifer Crawford,2025-03-29,2025-05-09
0d2c5c81-4ea2-40cf-a69e-1d75fc6466c8,Demo,Enhanced hybrid budgetary management,Castro-Harper,Rebecca Smith,2025-03-13,2025-05-22
cdf5dbfd-8a3b-42fd-a0ef-007f1c1d71ae,Call,Synergistic zero-defect projection,"Brown, Cordova and Lee",Julia Howell,2025-04-28,2025-05-14
7a6f90c1-dc45-4143-9a7f-5305afbe3b5a,Email,Object-based zero administration data-warehouse,Tran PLC,Michelle Ortiz,2025-03-03,2025-04-29
9ceef60a-4c8f-4f47-ae9c-971968ba49f5,Call,Streamlined didactic task-force,Brewer PLC,David Short,2025-03-28,2025-05-10
6c200deb-de91-48f3-9778-d5c4008cc04d,Meeting,Exclusive leadingedge analyzer,Doyle Inc,Xavier Washington DVM,2025-04-19,2025-05-10
65aaeb75-a239-45dc-b5bb-b0525e68fbae,Demo,Decentralized methodical function,Anderson Ltd,Brandon Jones,2025-03-04,2025-05-07
b2ea5100-ec6e-4482-ad44-417fce45264f,Meeting,Horizontal 6thgeneration projection,Andrade LLC,Alice Dixon,2025-04-08,2025-05-13
7a0e6a07-2d93-426d-abf8-23d448f5e892,Email,Innovative homogeneous project,"Herman, Herrera and Eaton",Kristin Crawford,2025-04-13,2025-05-05
f4d34f2d-a312-4796-a1d5-bee896b62088,Call,Enterprise-wide leadingedge task-force,Dickerson-Tran,Robert Berry,2025-03-24,2025-05-14
a81360e6-634d-40b2-b264-a91d48cab0b3,Demo,Switchable analyzing challenge,"Evans, Wells and Ramos",Aaron Riley,2025-04-10,2025-05-13
7e796fc1-6f06-47a4-a0e7-f1b3d3f79ba2,Email,Seamless empowering hierarchy,Allen-Obrien,Jason Snow,2025-04-21,2025-05-13
a2773cac-562c-4777-a935-0ae2345368a4,Email,Synchronized needs-based paradigm,Stein-Gardner,Danielle Rice,2025-03-29,2025-05-12
cf3f0ccb-6145-4810-88f6-3fde84300a6f,Call,Organic disintermediate workforce,Obrien Inc,Brandy Haley,2025-04-27,2025-05-23
24e9abc5-f02d-466f-a02a-78938695a087,Email,Virtual fresh-thinking intranet,Roberts-Manning,William Perez,2025-03-20,2025-05-08
d944b6c2-6d42-4e8f-9e8e-b6a53a6b1a9b,Email,Compatible empowering adapter,Parker-Castro,Patricia Johnson,2025-04-16,2025-05-26
494a7e7f-fbea-4b55-bf72-58a5158785cc,Demo,Fundamental real-time task-force,"Ray, Black and Rodriguez",Rhonda Sullivan,2025-04-01,2025-05-12
9b8b50b3-85c8-4759-b75c-b010f00502da,Demo,Upgradable human-resource time-frame,"Miller, Peters and Rodriguez",George Donovan,2025-03-21,2025-05-04
167832e4-06ff-48aa-873c-c914ac04e35b,Call,Managed regional moderator,Lloyd Ltd,James Walker,2025-04-25,2025-05-27
87cb51bb-1a4c-44eb-aec9-ee087603ae25,Email,Front-line disintermediate migration,"Young, Ramos and Villarreal",Shawn Andrews,2025-03-10,2025-05-22
725c97c8-c4e4-4d66-a040-9e3ec5e47d40,Call,Operative system-worthy success,"Lewis, James and Rivera",James Hansen,2025-03-20,2025-05-07
cd175491-3b43-4bd0-ac0a-b00060482fe4,Demo,Profound system-worthy firmware,Good Ltd,William Hunt,2025-03-08,2025-05-16
86bcd3b6-1ed5-4969-98cb-b23f79a064c1,Meeting,Self-enabling upward-trending capability,Martin-Baker,Donna Barnett,2025-04-26,2025-05-07
883cb10c-c0c0-4bdb-80dc-1d4096872d9f,Email,Diverse multimedia structure,"Long, Johnson and Perez",Melvin Camacho,2025-04-06,2025-05-06
110a16b3-6189-48be-9962-3d0e9667ced6,Demo,Reduced zero administration hierarchy,Zamora-Cannon,Charles Wright,2025-03-17,2025-05-06
c51ab2f1-474e-4d0b-aff7-7db0eb0e725d,Meeting,Configurable neutral matrices,Mendez-Hampton,Brian Scott,2025-04-23,2025-05-23
17733492-7957-4992-96df-8dc212cb6ca9,Call,Fundamental bifurcated capacity,Adkins-Walker,Alyssa Brown,2025-04-01,2025-05-05
5c4ad037-275a-4401-abdf-ecce3fc18138,Demo,Reduced exuding conglomeration,Hunt and Sons,William Arellano,2025-03-28,2025-05-02
e07619a4-dcce-4993-bdd9-3e5c3dd3752e,Meeting,Phased neutral architecture,Silva Inc,Heather Hawkins,2025-03-02,2025-05-04
757ce1ac-d12e-4817-a427-dab175cfb507,Meeting,Up-sized leadingedge solution,Navarro-Ramirez,Anna Jenkins,2025-04-09,2025-05-17
72cd2e7e-7893-492b-8456-e26ed1267df6,Call,Phased web-enabled protocol,Meza Ltd,Terry Levy,2025-02-28,2025-05-14
2c9b0d7f-8061-4e9e-8ea1-e412fc48fcab,Email,Organized web-enabled software,Strong-Martinez,Jeffrey Case,2025-03-24,2025-05-11
3a12a78e-1ef2-401f-8d0f-5efe46bae839,Demo,Multi-channeled fresh-thinking Graphical User Interface,Turner-Carroll,Julie Thomas,2025-03-07,2025-05-15
067ffd0d-551c-4ae8-9ceb-0ac3b332f781,Meeting,Switchable user-facing capacity,"Black, House and Perry",Todd Carpenter,2025-04-15,2025-05-15
d04d558d-008c-4260-8eef-60e24e40866f,Meeting,Multi-lateral methodical ability,Jacobs-Glover,Stephanie Lopez,2025-04-28,2025-05-10
edee5395-7f56-4ce8-ae71-06666188a33a,Email,Profound foreground alliance,Lucero-Terry,Jennifer Bray,2025-04-06,2025-05-03
5e32c053-a521-4d4a-b7bd-e565f0dd82df,Email,Enhanced client-driven structure,Hanson-Austin,Brittany Nelson,2025-04-02,2025-05-26
f36460e0-f649-4a32-80b8-4fe437287718,Email,User-centric homogeneous circuit,"Shaw, Price and Davis",Derek Steele,2025-03-14,2025-05-19
7b92dba6-1a32-42f9-8602-b77539d0b8c1,Call,Multi-lateral fresh-thinking synergy,Phillips-Holloway,Pamela Byrd MD,2025-03-07,2025-05-06
08abc76c-e31e-47ab-b417-332a61c4c968,Email,Universal empowering success,Clayton-Taylor,Lindsay Bryant,2025-03-27,2025-05-11
4e53eac9-a2c0-4fb0-8e5d-2d6f8b497ddc,Demo,Synergistic eco-centric forecast,Yu PLC,Brandy Bowers,2025-03-09,2025-05-10
95e7cf95-939c-4819-a011-be0b7450158f,Meeting,Synergistic tertiary product,Fischer-Dudley,Kim Campbell,2025-03-30,2025-05-26
4cdfc425-517e-4395-bd45-3d8014a1c915,Email,Extended systemic concept,Montgomery LLC,Andrew Chan,2025-03-24,2025-05-26
2ac5a306-892f-43cf-8a92-b603d9350cad,Demo,Re-engineered fresh-thinking system engine,Miller-Valdez,Dale Pham,2025-03-21,2025-05-18
3c4b9949-0abb-41b9-85f5-25c04b53416d,Email,Diverse multi-state encoding,Cook and Sons,Bradley Mcgee,2025-04-28,2025-04-29
674ab80a-3019-43da-b52d-90b14e1e67d5,Demo,Organized well-modulated portal,"Case, Walker and Torres",Michael Franco,2025-04-11,2025-05-21
f3a3089d-6b64-4d13-a759-d80043bfe713,Demo,Seamless intangible success,"Ball, Rivera and Miller",Mary Kelly,2025-04-10,2025-05-11
52910cbf-d5d1-48bc-9e10-7fe5f33a36e8,Meeting,Reduced contextually-based workforce,Ayala Ltd,Brandy Stephens,2025-04-03,2025-05-04
63de73d7-18f8-45fa-93e2-caa9820cf539,Demo,Multi-lateral 4thgeneration firmware,"Flynn, Willis and French",Phillip Russell,2025-03-24,2025-04-30
0e0b36bb-038c-4ca4-b3b4-8d7076c593c7,Email,Face-to-face bottom-line parallelism,"Gonzalez, Horne and Brown",Craig Gilmore,2025-03-20,2025-05-04
77752526-7540-41ff-8928-e7243d5590cf,Call,Managed exuding access,Morgan-Meyer,Jesus Crawford,2025-04-15,2025-05-20
c33c8d4b-56f1-46d9-85e4-e8dd7875b97f,Call,Robust global utilization,Pena-Pacheco,Joshua Martinez,2025-03-21,2025-05-06
2e31096f-1a22-4936-830b-07a97e8ab43c,Email,Focused system-worthy monitoring,"Knight, Dawson and Kim",Edward Ponce,2025-04-24,2025-05-14
00b755dc-32a5-431a-97a5-a8e7e183b3c0,Meeting,Digitized global website,Wilson-Carter,Sarah Potter,2025-04-13,2025-05-06
27ddcd8c-5807-4701-ba44-63a5ba5cc35a,Call,Fully-configurable composite success,"Mccann, Harrington and Poole",Christina Martin,2025-03-18,2025-05-15
f2ca890a-eefb-478d-90ab-0177695dba17,Demo,Mandatory multimedia hardware,Walker-Porter,Christopher Brown,2025-03-04,2025-05-28
b7233c12-a005-4153-ac0f-8c937a5a92c3,Meeting,Synchronized hybrid service-desk,"Stewart, Collier and Deleon",Aaron Hernandez,2025-03-03,2025-04-30
93d5f5e6-6f53-4bbb-9906-232dc58303da,Call,De-engineered systemic knowledgebase,Logan Group,April Walker,2025-03-30,2025-05-23
2ca961b2-4d3c-4973-8c4e-b1022eb5cc82,Demo,Seamless 6thgeneration application,"Winters, Miller and Swanson",Lisa Cole,2025-03-10,2025-05-19
6ff1b10a-5353-4c95-90a9-d540cd73e111,Meeting,Organic secondary superstructure,Hunter Ltd,William Ryan,2025-04-17,2025-05-24
dec8a5ea-2d82-42fe-be54-30a8a599fd8a,Demo,Implemented neutral time-frame,Gordon and Sons,Courtney Wheeler DVM,2025-04-21,2025-05-18
4c57b701-6f10-4f16-bb2e-b373c60f7a3c,Call,Realigned encompassing solution,Huang-Smith,Richard Moore,2025-04-18,2025-05-28
5af0d6dd-59f5-451f-8123-aa0ca19b0bde,Demo,User-friendly system-worthy software,"Cox, Sanchez and Johnson",Kristin Gardner,2025-03-09,2025-05-14
366ba3e6-d3c4-4025-9167-198080102165,Demo,Cross-platform bottom-line success,"Orozco, Roberts and Diaz",Patrick Stewart,2025-03-10,2025-04-29
c1d68f52-102c-4c36-8e53-314a08876dc8,Meeting,Synergistic tangible contingency,Robles-Hill,Jason Alexander,2025-04-25,2025-05-17
87af1e37-55fb-4ea7-a701-ffc9d6faaa88,Demo,Secured zero-defect Graphic Interface,Long Group,Dennis Griffith,2025-03-21,2025-05-15
20fb64d7-8169-490a-a18b-f862d33d6009,Meeting,Assimilated responsive superstructure,"Brown, Sanchez and Dunn",Jonathan Martinez,2025-04-21,2025-05-08
c75c0e22-6f81-4585-a9ac-4e5f7f0b222e,Email,Future-proofed web-enabled attitude,Knight and Sons,Stephen Copeland,2025-04-27,2025-05-05
78ebf738-59ca-4268-81cf-0e63e8f3262c,Email,Grass-roots non-volatile hub,"Wilson, Smith and Delgado",Christopher Clayton,2025-04-11,2025-05-16
504b09fe-8151-4b05-8646-a4102fe49741,Email,Cross-group uniform matrices,Brown-Garcia,Juan Murphy,2025-04-16,2025-05-27
bac8f731-dcee-4ab0-9c5f-96e2df073309,Call,Organic heuristic orchestration,Martin-Rose,David Stone,2025-03-06,2025-05-14
a1694b44-8fe2-4858-8dd0-9b308f1a68c8,Demo,Grass-roots attitude-oriented methodology,Young Inc,Peter Gilbert,2025-04-04,2025-05-06
f0dde13e-c1db-4173-a915-3ace57ed94ff,Email,Innovative optimizing alliance,"Nelson, Ayala and Young",Kyle Collins,2025-04-28,2025-04-30
35edc6b6-a351-48c9-9302-cc0ac1d2e8db,Demo,Optional national instruction set,"Torres, Adams and Reese",Jason Marshall,2025-04-06,2025-05-08
dd594dd7-b7b4-4903-a65c-b50cd18de25c,Demo,Multi-channeled tangible circuit,Cook-Haley,Tanya Smith,2025-03-17,2025-05-06
84da7132-4c99-4196-a177-90abc1e468c8,Email,Fundamental systematic encoding,Mcgrath Group,Michael Hayes,2025-04-26,2025-05-14
13e506a9-090a-422a-aaac-65f3680595fe,Meeting,Cross-platform even-keeled projection,Rogers-Dunn,Stephanie Brown,2025-04-11,2025-05-16
a3671063-06f0-4fe9-a53d-0eb6bd5dd4e1,Email,Pre-emptive reciprocal migration,Thompson-Buckley,Patrick Peters,2025-04-21,2025-05-04
7c0a03f8-4256-4e1f-869e-17941811bd41,Email,Business-focused zero tolerance Graphical User Interface,Wagner Inc,Steven Harris,2025-03-19,2025-05-01
9295931b-94fd-4376-8eec-0c0336c73276,Call,Streamlined 5thgeneration migration,Walker and Sons,Stephen Kelly,2025-04-26,2025-05-06
d9e1c9db-a1fd-4c0e-b67c-f9800226d3ef,Call,User-centric intangible circuit,Hall PLC,Pamela Smith,2025-04-26,2025-05-22
15ac6165-c927-40a7-9fb1-0284bd078437,Email,User-centric multi-tasking protocol,"Johnson, Reyes and Stone",Diane Collins,2025-03-20,2025-05-10
c9f2dd3c-c3bd-42f0-aec9-72e910bf0499,Call,User-friendly static encryption,Suarez-Baker,Tammy Griffin,2025-03-26,2025-05-16
8e4ba550-20c6-4f32-b3df-0675418f632f,Email,Total reciprocal initiative,Bauer Inc,Kimberly Brooks,2025-04-12,2025-05-06
d5137eec-c95c-47c8-bf3f-59a1ea7d3024,Call,Function-based directional function,Arnold and Sons,Tracy Morris,2025-03-27,2025-04-29
b9a737d3-1026-4ad0-9bc0-a72da93f8235,Email,Secured bifurcated firmware,Williams-Robertson,Jeremy Wong,2025-03-17,2025-05-02
7129a2da-ecf5-4b0f-88ce-3f8e890db226,Demo,Self-enabling heuristic parallelism,"Nelson, Goodman and Ware",Leroy Mcintosh,2025-03-25,2025-05-26
cc221064-587e-41da-b810-972d8ba802ce,Email,Seamless bandwidth-monitored attitude,Brown-Gonzalez,Felicia Peters,2025-03-27,2025-04-30
21620277-7655-4cfb-9719-6ff45173b5c7,Demo,Managed context-sensitive toolset,Chavez Group,Christine Holloway,2025-04-16,2025-05-13
4a681fed-880a-43ae-85b5-69d275c57928,Meeting,Multi-channeled modular collaboration,Reed-Booker,Cheyenne Taylor,2025-04-05,2025-05-04
06e045a4-be2c-4aa4-896e-404173c4a49e,Demo,Networked zero-defect neural-net,Daugherty-Mathis,John Grant,2025-03-27,2025-05-25
0990be5e-25a0-4f5d-bdf6-a985841dfeb1,Demo,Optional scalable hub,Wilcox Ltd,Jacob Sanchez,2025-03-26,2025-05-18
7bc5ffbc-992f-464f-a33e-244add871c4a,Call,Inverse cohesive Graphic Interface,"Cruz, Henry and Thompson",Chris Stewart,2025-03-19,2025-05-15
868e75da-ac2d-479c-b273-ded570773cda,Demo,Multi-channeled maximized open architecture,"Wright, Morrison and Kim",Mary Brown,2025-03-18,2025-05-22
bf49ce43-81fb-4fd1-b011-158ae2d4445a,Email,Balanced coherent pricing structure,"Jones, Barnes and Gardner",Ryan Mejia,2025-03-06,2025-05-06
6df7cffa-167d-4189-a284-8c5128b4f657,Email,Cross-group even-keeled attitude,"Daniels, Wang and Kelley",John Crawford,2025-03-30,2025-05-06
